Date,S&P 500 Historical Prices by Month,Inflation Adjusted S&P 500 by Month,Shiller PE Ration by Month
1-Jan-60,58.03,520.91,18.34
1-Feb-60,55.78,499.01,17.55
1-Mar-60,55.02,492.21,17.29
1-Apr-60,55.73,496.87,17.43
1-May-60,55.22,492.33,17.26
1-Jun-60,57.26,508.79,17.82
1-Jul-60,55.84,496.17,17.38
1-Aug-60,56.51,502.13,17.58
1-Sep-60,54.81,487.02,17.05
1-Oct-60,53.73,474.22,16.61
1-Nov-60,55.47,489.58,17.15
1-Dec-60,56.8,501.32,17.56
1-Jan-61,59.72,527.09,18.47
1-Feb-61,62.17,548.71,19.23
1-Mar-61,64.12,565.92,19.84
1-Apr-61,65.83,581.01,20.38
1-May-61,66.5,586.93,20.6
1-Jun-61,65.62,579.16,20.33
1-Jul-61,65.44,573.72,20.15
1-Aug-61,67.79,596.31,20.94
1-Sep-61,67.26,589.68,20.71
1-Oct-61,68,596.17,20.92
1-Nov-61,71.08,623.17,21.86
1-Dec-61,71.74,628.95,22.04
1-Jan-62,69.07,605.55,21.2
1-Feb-62,70.22,613.58,21.45
1-Mar-62,70.29,614.19,21.44
1-Apr-62,68.05,592.65,20.66
1-May-62,62.99,548.58,19.09
1-Jun-62,55.63,484.49,16.83
1-Jul-62,56.97,494.52,17.14
1-Aug-62,58.52,507.97,17.57
1-Sep-62,58,501.8,17.32
1-Oct-62,56.17,485.97,16.74
1-Nov-62,60.04,519.45,17.85
1-Dec-62,62.64,541.95,18.59
1-Jan-63,65.06,562.88,19.26
1-Feb-63,65.92,570.33,19.47
1-Mar-63,65.67,566.3,19.29
1-Apr-63,68.76,592.95,20.15
1-May-63,70.14,604.85,20.51
1-Jun-63,70.11,602.61,20.38
1-Jul-63,69.07,591.74,19.97
1-Aug-63,70.98,608.1,20.47
1-Sep-63,72.85,624.12,20.96
1-Oct-63,73.03,623.63,20.89
1-Nov-63,72.62,620.13,20.72
1-Dec-63,74.17,631.32,21.04
1-Jan-64,76.45,650.73,21.63
1-Feb-64,77.39,658.73,21.83
1-Mar-64,78.8,670.73,22.17
1-Apr-64,79.94,680.43,22.42
1-May-64,80.72,687.07,22.57
1-Jun-64,80.24,680.78,22.3
1-Jul-64,83.22,703.8,22.98
1-Aug-64,82,695.71,22.65
1-Sep-64,83.41,705.4,22.89
1-Oct-64,84.85,717.58,23.21
1-Nov-64,85.44,720.25,23.23
1-Dec-64,83.96,707.78,22.75
1-Jan-65,86.12,725.99,23.27
1-Feb-65,86.75,731.3,23.37
1-Mar-65,86.83,729.63,23.25
1-Apr-65,87.97,736.86,23.42
1-May-65,89.28,747.83,23.71
1-Jun-65,85.04,707.81,22.39
1-Jul-65,84.91,706.73,22.3
1-Aug-65,86.49,719.88,22.67
1-Sep-65,89.38,743.93,23.37
1-Oct-65,91.39,758.26,23.78
1-Nov-65,92.15,764.57,23.93
1-Dec-65,91.73,758.69,23.69
1-Jan-66,93.32,771.84,24.06
1-Feb-66,92.69,761.84,23.7
1-Mar-66,88.88,728.25,22.61
1-Apr-66,91.6,745.88,23.11
1-May-66,86.78,706.64,21.85
1-Jun-66,86.06,698.61,21.56
1-Jul-66,85.84,694.68,21.38
1-Aug-66,80.65,648.69,19.91
1-Sep-66,77.81,625.84,19.16
1-Oct-66,77.13,616.6,18.83
1-Nov-66,80.99,647.46,19.71
1-Dec-66,81.33,650.18,19.74
1-Jan-67,84.45,675.12,20.43
1-Feb-67,87.36,698.39,21.07
1-Mar-67,89.42,712.69,21.44
1-Apr-67,90.96,722.77,21.69
1-May-67,92.59,733.51,21.95
1-Jun-67,91.43,722.14,21.55
1-Jul-67,93.01,732.42,21.8
1-Aug-67,94.49,741.86,22.03
1-Sep-67,95.81,749.98,22.22
1-Oct-67,95.66,746.59,22.07
1-Nov-67,92.66,721.03,21.26
1-Dec-67,95.3,739.39,21.75
1-Jan-68,95.04,733.05,21.51
1-Feb-68,90.75,697.91,20.42
1-Mar-68,89.09,683.15,19.93
1-Apr-68,95.67,731.47,21.28
1-May-68,97.87,746.12,21.63
1-Jun-68,100.5,761.76,22
1-Jul-68,100.3,755.88,21.75
1-Aug-68,98.11,737.27,21.14
1-Sep-68,101.3,759.07,21.68
1-Oct-68,103.8,773.4,22
1-Nov-68,105.4,783.1,22.2
1-Dec-68,106.5,789.04,22.28
1-Jan-69,102,753.58,21.19
1-Feb-69,101.5,745.7,20.9
1-Mar-69,99.3,723.47,20.2
1-Apr-69,101.3,733.98,20.43
1-May-69,104.6,755.8,20.97
1-Jun-69,99.14,712.44,19.71
1-Jul-69,94.71,676.9,18.68
1-Aug-69,94.18,669.48,18.43
1-Sep-69,94.51,670.01,18.4
1-Oct-69,95.52,673.54,18.45
1-Nov-69,96.21,674.79,18.44
1-Dec-69,91.11,635.63,17.33
1-Jan-70,90.31,628.38,17.09
1-Feb-70,87.16,603.27,16.37
1-Mar-70,88.65,610.37,16.53
1-Apr-70,85.95,587.17,15.87
1-May-70,76.06,518.26,13.98
1-Jun-70,75.59,512.4,13.8
1-Jul-70,75.72,510.65,13.73
1-Aug-70,77.92,525.49,14.1
1-Sep-70,82.58,554.07,14.84
1-Oct-70,84.37,563.21,15.06
1-Nov-70,84.28,559.77,14.95
1-Dec-70,90.05,595.09,15.87
1-Jan-71,93.49,617.82,16.46
1-Feb-71,97.11,640.13,17.03
1-Mar-71,99.6,654.9,17.4
1-Apr-71,103,675.57,17.92
1-May-71,101.6,663.08,17.56
1-Jun-71,99.72,646,17.08
1-Jul-71,99,639.76,16.89
1-Aug-71,97.24,626.85,16.52
1-Sep-71,99.4,640.77,16.86
1-Oct-71,97.29,625.64,16.43
1-Nov-71,92.78,596.64,15.64
1-Dec-71,99.17,634.63,16.6
1-Jan-72,103.3,661.05,17.26
1-Feb-72,105.2,669.95,17.46
1-Mar-72,107.7,684.22,17.81
1-Apr-72,108.8,689.54,17.92
1-May-72,107.7,680.93,17.66
1-Jun-72,108,681.19,17.64
1-Jul-72,107.2,672.91,17.4
1-Aug-72,111,695.11,17.94
1-Sep-72,109.4,683.46,17.61
1-Oct-72,109.6,681.47,17.53
1-Nov-72,115.1,713.98,18.34
1-Dec-72,117.5,727.16,18.65
1-Jan-73,118.4,731.01,18.71
1-Feb-73,114.2,700.14,17.89
1-Mar-73,112.4,682.74,17.41
1-Apr-73,110.3,665.38,16.94
1-May-73,107.2,642.26,16.31
1-Jun-73,104.8,623.62,15.81
1-Jul-73,105.8,628.15,15.89
1-Aug-73,103.8,605.34,15.28
1-Sep-73,105.6,614.48,15.48
1-Oct-73,109.8,633.31,15.91
1-Nov-73,102,584.48,14.65
1-Dec-73,94.78,539.58,13.49
1-Jan-74,96.11,542.45,13.53
1-Feb-74,93.45,520.73,12.96
1-Mar-74,97.44,536.15,13.31
1-Apr-74,92.46,506.63,12.55
1-May-74,89.67,485.28,12
1-Jun-74,89.79,481.96,11.89
1-Jul-74,79.31,422.26,10.39
1-Aug-74,76.03,399.94,9.82
1-Sep-74,68.12,354.08,8.68
1-Oct-74,69.44,357.41,8.74
1-Nov-74,71.74,366.38,8.95
1-Dec-74,67.07,339.89,8.29
1-Jan-75,72.56,366.3,8.92
1-Feb-75,80.1,401.28,9.76
1-Mar-75,83.78,418.13,10.16
1-Apr-75,84.72,421.22,10.23
1-May-75,90.1,445.44,10.82
1-Jun-75,92.4,453.4,11.01
1-Jul-75,92.49,448.82,10.9
1-Aug-75,85.71,415.16,10.09
1-Sep-75,84.67,407.86,9.92
1-Oct-75,88.57,424.32,10.33
1-Nov-75,90.07,428.38,10.44
1-Dec-75,88.7,420.35,10.25
1-Jan-76,96.86,458.19,11.19
1-Feb-76,100.6,474.18,11.59
1-Mar-76,101.1,475.68,11.63
1-Apr-76,101.9,477.74,11.69
1-May-76,101.2,471.1,11.53
1-Jun-76,101.8,471.39,11.54
1-Jul-76,104.2,479.97,11.76
1-Aug-76,103.3,473.33,11.6
1-Sep-76,105.5,481.74,11.81
1-Oct-76,101.9,462.89,11.35
1-Nov-76,101.2,458.91,11.25
1-Dec-76,104.7,473.15,11.6
1-Jan-77,103.8,466.68,11.44
1-Feb-77,101,449.48,11.01
1-Mar-77,100.6,444.69,10.9
1-Apr-77,99.05,434.19,10.64
1-May-77,98.76,430.77,10.55
1-Jun-77,99.29,430.23,10.53
1-Jul-77,100.2,432.03,10.57
1-Aug-77,97.75,420.09,10.27
1-Sep-77,96.23,412.21,10.07
1-Oct-77,93.74,400.24,9.77
1-Nov-77,94.28,400.6,9.77
1-Dec-77,93.82,397.36,9.68
1-Jan-78,90.25,379.79,9.24
1-Feb-78,88.98,372.07,9.05
1-Mar-78,88.82,368.47,8.95
1-Apr-78,92.71,381.6,9.26
1-May-78,97.41,397.21,9.63
1-Jun-78,97.66,393.96,9.55
1-Jul-78,97.19,389.08,9.43
1-Aug-78,103.9,414.05,10.02
1-Sep-78,103.9,410.93,9.94
1-Oct-78,100.6,394.33,9.53
1-Nov-78,94.71,369.59,8.93
1-Dec-78,96.11,373.39,9.01
1-Jan-79,99.71,383.97,9.26
1-Feb-79,98.23,373.89,9
1-Mar-79,100.1,377.19,9.07
1-Apr-79,102.1,380.36,9.13
1-May-79,99.73,366.86,8.79
1-Jun-79,101.7,369.97,8.85
1-Jul-79,102.7,369.51,8.83
1-Aug-79,107.4,382.76,9.13
1-Sep-79,108.6,382.89,9.11
1-Oct-79,104.5,365.49,8.68
1-Nov-79,103.7,359.35,8.52
1-Dec-79,107.8,369.66,8.75
1-Jan-80,110.9,374.91,8.85
1-Feb-80,115.3,384.35,9.05
1-Mar-80,104.7,343.79,8.08
1-Apr-80,103,334.45,7.84
1-May-80,107.7,346.29,8.1
1-Jun-80,114.6,364.47,8.51
1-Jul-80,119.8,381,8.88
1-Aug-80,123.5,389.94,9.07
1-Sep-80,126.5,396.09,9.2
1-Oct-80,130.2,403.83,9.36
1-Nov-80,135.7,417.44,9.65
1-Dec-80,133.5,406.86,9.39
1-Jan-81,133,402.08,9.26
1-Feb-81,128.4,384.2,8.83
1-Mar-81,133.2,395.86,9.08
1-Apr-81,134.4,396.73,9.09
1-May-81,131.7,385.73,8.82
1-Jun-81,132.3,384.07,8.77
1-Jul-81,129.1,370.69,8.45
1-Aug-81,129.6,369.3,8.4
1-Sep-81,118.3,333.85,7.58
1-Oct-81,119.8,337.36,7.65
1-Nov-81,122.9,344.98,7.81
1-Dec-81,123.8,346.4,7.83
1-Jan-82,117.3,327.16,7.39
1-Feb-82,114.5,318.34,7.18
1-Mar-82,110.8,308.38,6.95
1-Apr-82,116.3,322.32,7.26
1-May-82,116.4,319.57,7.19
1-Jun-82,109.7,297.45,6.69
1-Jul-82,109.4,295.12,6.64
1-Aug-82,109.7,295.32,6.64
1-Sep-82,122.4,328.83,7.4
1-Oct-82,132.7,355.42,8
1-Nov-82,138.1,370.64,8.35
1-Dec-82,139.4,375.66,8.47
1-Jan-83,144.3,388.07,8.76
1-Feb-83,146.8,394.39,8.91
1-Mar-83,151.9,408.09,9.23
1-Apr-83,157.7,420.66,9.53
1-May-83,164.1,435.09,9.87
1-Jun-83,166.4,439.85,10
1-Jul-83,167,439.67,10.01
1-Aug-83,162.4,426.28,9.73
1-Sep-83,167.2,436.7,9.98
1-Oct-83,167.7,436.71,10
1-Nov-83,165.2,429.35,9.85
1-Dec-83,164.4,426.85,9.82
1-Jan-84,166.4,429.49,9.89
1-Feb-84,157.3,404.02,9.32
1-Mar-84,157.4,403.49,9.33
1-Apr-84,157.6,402.05,9.31
1-May-84,156.6,398.34,9.23
1-Jun-84,153.1,388.31,9.01
1-Jul-84,151.1,381.76,8.87
1-Aug-84,164.4,413.78,9.62
1-Sep-84,166.1,416.06,9.69
1-Oct-84,164.8,411.63,9.6
1-Nov-84,166.3,415.38,9.69
1-Dec-84,164.5,410.88,9.6
1-Jan-85,171.6,427.8,10
1-Feb-85,180.9,448.86,10.49
1-Mar-85,179.4,443.47,10.37
1-Apr-85,180.6,444.34,10.4
1-May-85,184.9,453.23,10.61
1-Jun-85,188.9,461.74,10.81
1-Jul-85,192.5,469.67,11
1-Aug-85,188.3,458.57,10.74
1-Sep-85,184.1,447.1,10.47
1-Oct-85,186.2,450.54,10.55
1-Nov-85,197.5,476.56,11.16
1-Dec-85,207.3,498.84,11.69
1-Jan-86,208.2,499.63,11.72
1-Feb-86,219.4,527.95,12.39
1-Mar-86,232.3,561.56,13.19
1-Apr-86,238,576.4,13.55
1-May-86,238.5,576.02,13.56
1-Jun-86,245.3,589.2,13.89
1-Jul-86,240.2,576.95,13.62
1-Aug-86,245,587.41,13.89
1-Sep-86,238.3,568.75,13.47
1-Oct-86,237.4,566.09,13.43
1-Nov-86,245.1,583.92,13.87
1-Dec-86,248.6,591.72,14.09
1-Jan-87,264.5,625.6,14.92
1-Feb-87,280.9,662.01,15.82
1-Mar-87,292.5,686.28,16.43
1-Apr-87,289.3,675.15,16.2
1-May-87,289.1,672.3,16.16
1-Jun-87,301.4,698.44,16.83
1-Jul-87,310.1,716.7,17.31
1-Aug-87,329.4,757.31,18.33
1-Sep-87,318.7,728.89,17.68
1-Oct-87,280.2,639.17,15.53
1-Nov-87,245,558.39,13.59
1-Dec-87,241,549.28,13.39
1-Jan-88,250.5,569.45,13.9
1-Feb-88,258.1,585.21,14.3
1-Mar-88,265.7,599.85,14.67
1-Apr-88,262.6,589.82,14.43
1-May-88,256.1,573.26,14.03
1-Jun-88,270.7,603.37,14.77
1-Jul-88,269.1,597.27,14.61
1-Aug-88,263.7,582.83,14.24
1-Sep-88,268,588.38,14.37
1-Oct-88,277.4,606.99,14.81
1-Nov-88,271,592.49,14.45
1-Dec-88,276.5,603.51,14.7
1-Jan-89,285.4,619.85,15.09
1-Feb-89,294,635.91,15.47
1-Mar-89,292.7,629.47,15.3
1-Apr-89,302.3,645.89,15.69
1-May-89,313.9,666.88,16.19
1-Jun-89,323.7,686.04,16.64
1-Jul-89,331.9,701.72,17.01
1-Aug-89,346.6,731.63,17.73
1-Sep-89,347.3,730.76,17.71
1-Oct-89,347.4,727.48,17.64
1-Nov-89,340.2,710.7,17.24
1-Dec-89,348.6,727.1,17.65
1-Jan-90,339.97,701.86,17.05
1-Feb-90,330.45,679.01,16.51
1-Mar-90,338.46,691.68,16.83
1-Apr-90,338.18,690.04,16.81
1-May-90,350.25,713.01,17.39
1-Jun-90,360.39,729.7,17.82
1-Jul-90,360.03,726.17,17.75
1-Aug-90,330.75,661.03,16.17
1-Sep-90,315.41,625.15,15.3
1-Oct-90,307.12,605.07,14.82
1-Nov-90,315.29,619.77,15.19
1-Dec-90,328.75,646.23,15.85
1-Jan-91,325.49,636.02,15.61
1-Feb-91,362.26,706.82,17.36
1-Mar-91,372.28,725.3,17.82
1-Apr-91,379.68,738.62,18.16
1-May-91,377.99,733.16,18.03
1-Jun-91,378.29,731.59,18.01
1-Jul-91,380.23,734.26,18.1
1-Aug-91,389.4,749.76,18.51
1-Sep-91,387.2,742.27,18.36
1-Oct-91,386.88,740.57,18.35
1-Nov-91,385.92,736.59,18.29
1-Dec-91,388.51,741,18.44
1-Jan-92,416.08,792.43,19.77
1-Feb-92,412.56,782.89,19.58
1-Mar-92,407.36,769.14,19.28
1-Apr-92,407.41,768.13,19.3
1-May-92,414.81,780.97,19.66
1-Jun-92,408.27,765.91,19.31
1-Jul-92,415.05,776.97,19.62
1-Aug-92,417.93,780.14,19.72
1-Sep-92,418.48,778.95,19.71
1-Oct-92,412.5,765.11,19.37
1-Nov-92,422.84,783.19,19.83
1-Dec-92,435.64,807.47,20.45
1-Jan-93,435.23,802.75,20.32
1-Feb-93,441.7,811.83,20.54
1-Mar-93,450.16,824.5,20.85
1-Apr-93,443.08,809.28,20.46
1-May-93,445.25,812.11,20.52
1-Jun-93,448.06,816.11,20.61
1-Jul-93,447.29,814.71,20.56
1-Aug-93,454.13,824.88,20.81
1-Sep-93,459.24,832.44,20.99
1-Oct-93,463.9,837.42,21.11
1-Nov-93,462.89,835.02,21.04
1-Dec-93,465.95,840.54,21.16
1-Jan-94,472.99,850.91,21.41
1-Feb-94,471.58,845.48,21.26
1-Mar-94,463.81,828.73,20.83
1-Apr-94,447.23,798.02,20.05
1-May-94,450.9,804.02,20.19
1-Jun-94,454.83,808.29,20.29
1-Jul-94,451.4,800.03,20.07
1-Aug-94,464.24,819.47,20.53
1-Sep-94,466.96,822.07,20.57
1-Oct-94,463.81,815.98,20.39
1-Nov-94,461.01,809.97,20.21
1-Dec-94,455.19,799.74,19.91
1-Jan-95,465.25,814.15,20.22
1-Feb-95,481.92,839.97,20.8
1-Mar-95,493.15,856.71,21.15
1-Apr-95,507.91,879.44,21.64
1-May-95,523.81,905.19,22.19
1-Jun-95,539.35,930.21,22.72
1-Jul-95,557.37,961.29,23.37
1-Aug-95,559.11,961.76,23.28
1-Sep-95,578.77,993.63,23.94
1-Oct-95,582.92,997.5,23.93
1-Nov-95,595.53,"1,019.74",24.35
1-Dec-95,614.57,"1,053.03",25.03
1-Jan-96,614.42,"1,046.64",24.76
1-Feb-96,649.54,"1,102.89",25.97
1-Mar-96,647.07,"1,093.05",25.63
1-Apr-96,647.17,"1,089.03",25.42
1-May-96,661.23,"1,110.55",25.81
1-Jun-96,668.5,"1,122.05",25.96
1-Jul-96,644.07,"1,078.98",24.86
1-Aug-96,662.68,"1,108.04",25.41
1-Sep-96,674.88,"1,124.86",25.68
1-Oct-96,701.46,"1,165.47",26.48
1-Nov-96,735.67,"1,220.00",27.58
1-Dec-96,743.25,"1,232.57",27.72
1-Jan-97,766.22,"1,266.67",28.33
1-Feb-97,798.39,"1,315.71",29.26
1-Mar-97,792.16,"1,302.18",28.8
1-Apr-97,763.93,"1,254.21",27.58
1-May-97,833.09,"1,368.61",29.93
1-Jun-97,876.29,"1,437.78",31.25
1-Jul-97,925.29,"1,516.29",32.76
1-Aug-97,927.24,"1,516.65",32.58
1-Sep-97,937.02,"1,528.84",32.66
1-Oct-97,951.16,"1,548.07",32.9
1-Nov-97,938.92,"1,529.10",32.33
1-Dec-97,962.37,"1,569.23",33.03
1-Jan-98,963.36,"1,567.93",32.86
1-Feb-98,"1,023.74","1,663.11",34.71
1-Mar-98,"1,076.83","1,746.12",36.29
1-Apr-98,"1,112.20","1,800.15",37.27
1-May-98,"1,108.42","1,790.72",36.95
1-Jun-98,"1,108.39","1,788.48",36.8
1-Jul-98,"1,156.58","1,863.95",38.26
1-Aug-98,"1,074.62","1,729.74",35.42
1-Sep-98,"1,020.64","1,640.85",33.53
1-Oct-98,"1,032.47","1,655.82",33.77
1-Nov-98,"1,144.43","1,835.37",37.37
1-Dec-98,"1,190.05","1,909.70",38.82
1-Jan-99,"1,248.77","1,999.05",40.57
1-Feb-99,"1,246.58","1,993.12",40.4
1-Mar-99,"1,281.66","2,043.00",41.35
1-Apr-99,"1,334.76","2,112.28",42.7
1-May-99,"1,332.07","2,108.02",42.55
1-Jun-99,"1,322.55","2,092.96",42.18
1-Jul-99,"1,380.99","2,178.88",43.83
1-Aug-99,"1,327.49","2,089.46",41.93
1-Sep-99,"1,318.17","2,064.90",41.32
1-Oct-99,"1,300.01","2,032.82",40.55
1-Nov-99,"1,391.00","2,173.81",43.21
1-Dec-99,"1,428.68","2,232.70",44.19
1-Jan-00,"1,425.59","2,221.27",43.77
1-Feb-00,"1,388.87","2,151.31",42.18
1-Mar-00,"1,442.21","2,215.66",43.22
1-Apr-00,"1,461.36","2,243.77",43.53
1-May-00,"1,418.48","2,175.39",41.96
1-Jun-00,"1,461.96","2,230.37",42.78
1-Jul-00,"1,473.00","2,242.01",42.75
1-Aug-00,"1,485.46","2,260.98",42.87
1-Sep-00,"1,468.05","2,222.90",41.89
1-Oct-00,"1,390.14","2,101.30",39.37
1-Nov-00,"1,378.04","2,081.81",38.78
1-Dec-00,"1,330.93","2,011.80",37.27
1-Jan-01,"1,335.63","2,006.22",36.98
1-Feb-01,"1,305.75","1,953.53",35.83
1-Mar-01,"1,185.85","1,770.12",32.32
1-Apr-01,"1,189.84","1,769.05",32.17
1-May-01,"1,270.37","1,880.28",34.07
1-Jun-01,"1,238.71","1,830.33",33.07
1-Jul-01,"1,204.45","1,784.72",32.16
1-Aug-01,"1,178.50","1,746.26",31.4
1-Sep-01,"1,044.64","1,540.97",27.67
1-Oct-01,"1,076.59","1,593.46",28.58
1-Nov-01,"1,129.68","1,674.87",30.01
1-Dec-01,"1,144.93","1,704.20",30.5
1-Jan-02,"1,140.21","1,693.34",30.28
1-Feb-02,"1,100.67","1,628.19",29.09
1-Mar-02,"1,153.79","1,697.22",30.29
1-Apr-02,"1,111.93","1,626.55",29.01
1-May-02,"1,079.25","1,578.74",28.13
1-Jun-02,"1,014.02","1,482.50",26.39
1-Jul-02,903.59,"1,319.58",23.46
1-Aug-02,912.55,"1,328.24",23.59
1-Sep-02,867.81,"1,261.03",22.36
1-Oct-02,854.63,"1,239.82",21.96
1-Nov-02,909.93,"1,320.05",23.35
1-Dec-02,899.18,"1,307.34",23.1
1-Jan-03,895.84,"1,296.74",22.9
1-Feb-03,837.03,"1,202.35",21.21
1-Mar-03,846.63,"1,208.88",21.31
1-Apr-03,890.03,"1,273.61",22.43
1-May-03,935.96,"1,341.53",23.59
1-Jun-03,988,"1,414.58",24.83
1-Jul-03,992.54,"1,419.53",24.87
1-Aug-03,989.53,"1,409.86",24.64
1-Sep-03,"1,019.44","1,447.77",25.24
1-Oct-03,"1,038.73","1,476.76",25.68
1-Nov-03,"1,049.90","1,496.69",25.95
1-Dec-03,"1,080.64","1,542.18",26.64
1-Jan-04,"1,132.52","1,608.36",27.66
1-Feb-04,"1,143.36","1,615.04",27.65
1-Mar-04,"1,123.98","1,577.49",26.89
1-Apr-04,"1,133.36","1,585.58",26.9
1-May-04,"1,102.78","1,533.83",25.9
1-Jun-04,"1,132.76","1,570.54",26.4
1-Jul-04,"1,105.85","1,535.66",25.7
1-Aug-04,"1,088.94","1,511.38",25.17
1-Sep-04,"1,117.66","1,547.97",25.67
1-Oct-04,"1,117.21","1,539.24",25.41
1-Nov-04,"1,168.94","1,609.67",26.47
1-Dec-04,"1,199.21","1,657.43",27.14
1-Jan-05,"1,181.41","1,629.40",26.59
1-Feb-05,"1,199.63","1,645.04",26.74
1-Mar-05,"1,194.90","1,625.84",26.34
1-Apr-05,"1,164.43","1,573.80",25.41
1-May-05,"1,178.28","1,594.16",25.65
1-Jun-05,"1,202.25","1,625.75",26.07
1-Jul-05,"1,222.24","1,645.17",26.29
1-Aug-05,"1,224.27","1,639.51",26.1
1-Sep-05,"1,225.92","1,621.90",25.73
1-Oct-05,"1,191.96","1,573.81",24.88
1-Nov-05,"1,237.37","1,646.99",25.93
1-Dec-05,"1,262.07","1,686.70",26.44
1-Jan-06,"1,278.73","1,696.04",26.47
1-Feb-06,"1,276.65","1,689.87",26.25
1-Mar-06,"1,293.74","1,703.06",26.33
1-Apr-06,"1,302.17","1,699.70",26.15
1-May-06,"1,290.01","1,675.51",25.65
1-Jun-06,"1,253.17","1,624.45",24.75
1-Jul-06,"1,260.24","1,628.80",24.7
1-Aug-06,"1,287.15","1,660.32",25.05
1-Sep-06,"1,317.74","1,708.15",25.64
1-Oct-06,"1,363.38","1,776.95",26.54
1-Nov-06,"1,388.64","1,812.56",26.93
1-Dec-06,"1,416.42","1,846.08",27.28
1-Jan-07,"1,424.16","1,850.52",27.21
1-Feb-07,"1,444.80","1,867.34",27.32
1-Mar-07,"1,406.95","1,802.02",26.23
1-Apr-07,"1,463.64","1,862.52",26.98
1-May-07,"1,511.14","1,911.29",27.55
1-Jun-07,"1,514.19","1,911.44",27.42
1-Jul-07,"1,520.71","1,920.16",27.41
1-Aug-07,"1,454.62","1,840.09",26.15
1-Sep-07,"1,497.12","1,888.64",26.73
1-Oct-07,"1,539.66","1,938.16",27.32
1-Nov-07,"1,463.39","1,831.28",25.73
1-Dec-07,"1,479.22","1,852.33",25.96
1-Jan-08,"1,378.76","1,717.99",24.02
1-Feb-08,"1,354.87","1,683.33",23.5
1-Mar-08,"1,316.94","1,622.15",22.61
1-Apr-08,"1,370.47","1,677.91",23.36
1-May-08,"1,403.22","1,703.66",23.7
1-Jun-08,"1,341.25","1,612.17",22.42
1-Jul-08,"1,257.33","1,503.41",20.91
1-Aug-08,"1,281.47","1,538.41",21.4
1-Sep-08,"1,216.95","1,462.98",20.36
1-Oct-08,968.8,"1,176.55",16.39
1-Nov-08,883.04,"1,093.34",15.26
1-Dec-08,877.56,"1,097.91",15.38
1-Jan-09,865.58,"1,078.22",15.17
1-Feb-09,805.23,998.09,14.12
1-Mar-09,757.13,936.19,13.32
1-Apr-09,848.15,"1,046.12",14.98
1-May-09,902.41,"1,109.84",16
1-Jun-09,926.12,"1,129.30",16.38
1-Jul-09,935.82,"1,142.94",16.69
1-Aug-09,"1,009.73","1,230.45",18.09
1-Sep-09,"1,044.55","1,272.09",18.83
1-Oct-09,"1,067.66","1,298.98",19.36
1-Nov-09,"1,088.07","1,322.88",19.81
1-Dec-09,"1,110.38","1,352.38",20.32
1-Jan-10,"1,123.58","1,363.80",20.53
1-Feb-10,"1,089.16","1,321.69",19.92
1-Mar-10,"1,152.05","1,392.29",21
1-Apr-10,"1,197.32","1,444.49",21.8
1-May-10,"1,125.06","1,356.26",20.48
1-Jun-10,"1,083.36","1,307.27",19.74
1-Jul-10,"1,079.80","1,302.70",19.67
1-Aug-10,"1,087.28","1,309.91",19.77
1-Sep-10,"1,122.08","1,351.05",20.38
1-Oct-10,"1,171.58","1,408.90",21.24
1-Nov-10,"1,198.89","1,441.14",21.7
1-Dec-10,"1,241.53","1,489.83",22.4
1-Jan-11,"1,282.62","1,531.84",22.98
1-Feb-11,"1,321.12","1,570.08",23.49
1-Mar-11,"1,304.49","1,535.35",22.9
1-Apr-11,"1,331.51","1,557.12",23.14
1-May-11,"1,338.31","1,557.74",23.06
1-Jun-11,"1,287.29","1,499.97",22.1
1-Jul-11,"1,325.19","1,542.76",22.61
1-Aug-11,"1,185.31","1,376.12",20.05
1-Sep-11,"1,173.88","1,360.78",19.7
1-Oct-11,"1,207.22","1,402.32",20.16
1-Nov-11,"1,226.42","1,425.83",20.35
1-Dec-11,"1,243.32","1,449.05",20.52
1-Jan-12,"1,300.58","1,509.15",21.21
1-Feb-12,"1,352.49","1,562.50",21.8
1-Mar-12,"1,389.24","1,592.86",22.05
1-Apr-12,"1,386.43","1,584.85",21.78
1-May-12,"1,341.27","1,535.03",20.94
1-Jun-12,"1,323.48","1,516.89",20.55
1-Jul-12,"1,359.78","1,561.04",21
1-Aug-12,"1,403.45","1,602.26",21.41
1-Sep-12,"1,443.42","1,640.57",21.78
1-Oct-12,"1,437.82","1,634.84",21.58
1-Nov-12,"1,394.51","1,593.15",20.9
1-Dec-12,"1,422.29","1,629.27",21.24
1-Jan-13,"1,480.40","1,690.84",21.9
1-Feb-13,"1,512.31","1,713.25",22.05
1-Mar-13,"1,550.83","1,752.31",22.42
1-Apr-13,"1,570.70","1,776.61",22.6
1-May-13,"1,639.84","1,851.51",23.41
1-Jun-13,"1,618.77","1,823.35",22.93
1-Jul-13,"1,668.68","1,878.83",23.49
1-Aug-13,"1,670.09","1,878.15",23.36
1-Sep-13,"1,687.17","1,895.16",23.44
1-Oct-13,"1,720.03","1,937.06",23.83
1-Nov-13,"1,783.54","2,012.69",24.64
1-Dec-13,"1,807.78","2,040.22",24.86
1-Jan-14,"1,822.36","2,049.05",24.86
1-Feb-14,"1,817.04","2,035.54",24.59
1-Mar-14,"1,863.52","2,074.25",24.96
1-Apr-14,"1,864.26","2,068.26",24.79
1-May-14,"1,889.77","2,089.26",24.94
1-Jun-14,"1,947.09","2,148.63",25.56
1-Jul-14,"1,973.10","2,178.19",25.82
1-Aug-14,"1,961.53","2,169.04",25.62
1-Sep-14,"1,993.23","2,202.43",25.92
1-Oct-14,"1,937.27","2,145.99",25.16
1-Nov-14,"2,044.57","2,277.15",26.61
1-Dec-14,"2,054.27","2,301.00",26.79
1-Jan-15,"2,028.18","2,282.51",26.49
1-Feb-15,"2,082.20","2,333.18",27
1-Mar-15,"2,079.99","2,316.91",26.73
1-Apr-15,"2,094.86","2,328.74",26.79
1-May-15,"2,111.94","2,335.82",26.81
1-Jun-15,"2,099.29","2,313.72",26.5
1-Jul-15,"2,094.14","2,307.89",26.38
1-Aug-15,"2,039.87","2,251.27",25.69
1-Sep-15,"1,944.41","2,149.27",24.5
1-Oct-15,"2,024.81","2,239.14",25.49
1-Nov-15,"2,080.62","2,305.73",26.23
1-Dec-15,"2,054.08","2,284.12",25.97
1-Jan-16,"1,918.60","2,129.95",24.21
1-Feb-16,"1,904.42","2,112.47",24
1-Mar-16,"2,021.95","2,233.22",25.37
1-Apr-16,"2,075.54","2,281.59",25.92
1-May-16,"2,065.55","2,261.46",25.69
1-Jun-16,"2,083.89","2,274.07",25.84
1-Jul-16,"2,148.90","2,348.82",26.69
1-Aug-16,"2,170.95","2,370.74",26.95
1-Sep-16,"2,157.69","2,350.61",26.73
1-Oct-16,"2,143.02","2,331.72",26.53
1-Nov-16,"2,164.99","2,359.29",26.85
1-Dec-16,"2,246.63","2,447.46",27.87
1-Jan-17,"2,275.12","2,464.14",28.06
1-Feb-17,"2,329.91","2,515.56",28.66
1-Mar-17,"2,366.82","2,553.34",29.09
1-Apr-17,"2,359.31","2,537.71",28.9
1-May-17,"2,395.35","2,574.28",29.31
1-Jun-17,"2,433.99","2,613.43",29.75
1-Jul-17,"2,454.10","2,636.84",30
1-Aug-17,"2,456.22","2,631.24",29.91
1-Sep-17,"2,492.84","2,656.41",30.17
1-Oct-17,"2,557.00","2,726.50",30.92
1-Nov-17,"2,593.61","2,765.47",31.3
1-Dec-17,"2,664.34","2,842.56",32.09
1-Jan-18,"2,789.80","2,960.28",33.31
1-Feb-18,"2,705.16","2,857.51",32.04
1-Mar-18,"2,702.77","2,848.55",31.81
1-Apr-18,"2,653.63","2,785.68",30.97
1-May-18,"2,701.49","2,824.18",31.24
1-Jun-18,"2,754.35","2,874.86",31.63
1-Jul-18,"2,793.64","2,915.67",31.89
1-Aug-18,"2,857.82","2,981.00",32.39
1-Sep-18,"2,901.50","3,023.05",32.62
1-Oct-18,"2,785.46","2,897.03",31.04
1-Nov-18,"2,723.23","2,841.82",30.2
1-Dec-18,"2,567.31","2,687.70",28.29
1-Jan-19,"2,607.39","2,724.46",28.38
1-Feb-19,"2,754.86","2,866.44",29.54
1-Mar-19,"2,803.98","2,901.18",29.58
1-Apr-19,"2,903.80","2,988.64",30.13
1-May-19,"2,854.71","2,931.87",29.24
1-Jun-19,"2,890.17","2,967.70",29.28
1-Jul-19,"2,996.11","3,071.35",29.99
1-Aug-19,"2,897.50","2,970.41",28.71
1-Sep-19,"2,982.16","3,054.81",29.23
1-Oct-19,"2,977.68","3,043.26",28.84
1-Nov-19,"3,104.90","3,174.99",29.84
1-Dec-19,"3,176.75","3,251.42",30.33
1-Jan-20,"3,278.20","3,342.29",30.99
1-Feb-20,"3,277.31","3,332.25",30.73
1-Mar-20,"2,652.39","2,702.74",24.82
1-Apr-20,"2,761.98","2,833.34",25.93
1-May-20,"2,919.61","2,995.00",27.33
1-Jun-20,"3,104.66","3,167.49",28.84
1-Jul-20,"3,207.62","3,256.06",29.6
1-Aug-20,"3,391.71","3,432.11",31.16
1-Sep-20,"3,365.52","3,400.87",30.84
1-Oct-20,"3,418.70","3,453.18",31.28
1-Nov-20,"3,548.99","3,586.97",32.44
1-Dec-20,"3,695.31","3,731.34",33.7
1-Jan-21,"3,793.75","3,814.52",34.4
